<?xml version="1.0" encoding="UTF-8"?>
<document type="com.apple.InterfaceBuilder3.CocoaTouch.Storyboard.XIB" version="3.0" toolsVersion="19529" targetRuntime="iOS.CocoaTouch" propertyAccessControl="none" useAutolayout="YES" useTraitCollections="YES" useSafeAreas="YES" colorMatched="YES" initialViewController="BYZ-38-t0r">
    <device id="retina6_1" orientation="portrait" appearance="light"/>
    <dependencies>
        <plugIn identifier="com.apple.InterfaceBuilder.IBCocoaTouchPlugin" version="19519"/>
        <capability name="Safe area layout guides" minToolsVersion="9.0"/>
        <capability name="System colors in document resources" minToolsVersion="11.0"/>
        <capability name="documents saved in the Xcode 8 format" minToolsVersion="8.0"/>
    </dependencies>
    <scenes>
        <!--Splash Screen-->
        <scene sceneID="tne-QT-ifu">
            <objects>
                <viewController id="BYZ-38-t0r" customClass="SplashScreen" customModule="TossCoin" customModuleProvider="target" sceneMemberID="viewController">
                    <view key="view" contentMode="scaleToFill" id="8bC-Xf-vdC">
                        <rect key="frame" x="0.0" y="0.0" width="414" height="896"/>
                        <autoresizingMask key="autoresizingMask" widthSizable="YES" heightSizable="YES"/>
                        <subviews>
                            <imageView clipsSubviews="YES" userInteractionEnabled="NO" contentMode="redraw" horizontalHuggingPriority="251" verticalHuggingPriority="251" fixedFrame="YES" image="main_v_bkg" translatesAutoresizingMaskIntoConstraints="NO" id="8jX-ho-S2f">
                                <rect key="frame" x="0.0" y="-11" width="414" height="919"/>
                                <autoresizingMask key="autoresizingMask" flexibleMaxX="YES" flexibleMaxY="YES"/>
                            </imageView>
                            <label opaque="NO" userInteractionEnabled="NO" contentMode="left" horizontalHuggingPriority="251" verticalHuggingPriority="251" fixedFrame="YES" text="Loading" textAlignment="center" lineBreakMode="tailTruncation" baselineAdjustment="alignBaselines" adjustsFontSizeToFit="NO" translatesAutoresizingMaskIntoConstraints="NO" id="eCK-Iz-JBt">
                                <rect key="frame" x="167" y="753" width="90" height="29"/>
                                <autoresizingMask key="autoresizingMask" flexibleMaxX="YES" flexibleMaxY="YES"/>
                                <fontDescription key="fontDescription" name="TimesNewRomanPS-BoldItalicMT" family="Times New Roman" pointSize="26"/>
                                <nil key="textColor"/>
                                <nil key="highlightedColor"/>
                            </label>
                            <progressView opaque="NO" contentMode="scaleToFill" semanticContentAttribute="forceLeftToRight" verticalHuggingPriority="750" fixedFrame="YES" translatesAutoresizingMaskIntoConstraints="NO" id="Bk9-yX-Djf">
                                <rect key="frame" x="62" y="791" width="291" height="5"/>
                                <autoresizingMask key="autoresizingMask" flexibleMaxX="YES" flexibleMaxY="YES"/>
                                <color key="backgroundColor" systemColor="systemBackgroundColor"/>
                            </progressView>
                            <label opaque="NO" userInteractionEnabled="NO" contentMode="left" horizontalHuggingPriority="251" verticalHuggingPriority="251" fixedFrame="YES" text="0 %" textAlignment="center" lineBreakMode="tailTruncation" baselineAdjustment="alignBaselines" adjustsFontSizeToFit="NO" translatesAutoresizingMaskIntoConstraints="NO" id="B48-nf-IFQ">
                                <rect key="frame" x="151" y="804" width="113" height="25"/>
                                <autoresizingMask key="autoresizingMask" flexibleMaxX="YES" flexibleMaxY="YES"/>
                                <fontDescription key="fontDescription" name="TimesNewRomanPS-BoldItalicMT" family="Times New Roman" pointSize="22"/>
                                <nil key="textColor"/>
                                <nil key="highlightedColor"/>
                            </label>
                            <imageView clipsSubviews="YES" userInteractionEnabled="NO" alpha="0.0" contentMode="scaleAspectFit" horizontalHuggingPriority="251" verticalHuggingPriority="251" fixedFrame="YES" image="logo_v" translatesAutoresizingMaskIntoConstraints="NO" id="AXS-B5-Nnq">
                                <rect key="frame" x="0.0" y="384" width="414" height="128"/>
                                <autoresizingMask key="autoresizingMask" flexibleMaxX="YES" flexibleMaxY="YES"/>
                            </imageView>
                        </subviews>
                        <viewLayoutGuide key="safeArea" id="6Tk-OE-BBY"/>
                        <color key="backgroundColor" systemColor="systemBackgroundColor"/>
                    </view>
                    <connections>
                        <outlet property="logo_v" destination="AXS-B5-Nnq" id="V7r-1K-4Ie"/>
                        <outlet property="nProgress" destination="B48-nf-IFQ" id="PGB-Na-5ao"/>
                        <outlet property="pBar" destination="Bk9-yX-Djf" id="D8B-CZ-flV"/>
                        <segue destination="Zld-4L-R38" kind="presentation" identifier="toMainPage" modalPresentationStyle="fullScreen" id="ctC-Xw-fl0"/>
                    </connections>
                </viewController>
                <placeholder placeholderIdentifier="IBFirstResponder" id="dkx-z0-nzr" sceneMemberID="firstResponder"/>
            </objects>
            <point key="canvasLocation" x="137.68115942028987" y="114.50892857142857"/>
        </scene>
        <!--Main Page-->
        <scene sceneID="eRP-uN-0jy">
            <objects>
                <viewController id="Zld-4L-R38" customClass="MainPage" customModule="TossCoin" customModuleProvider="target" sceneMemberID="viewController">
                    <view key="view" contentMode="scaleToFill" id="Q1u-No-03q">
                        <rect key="frame" x="0.0" y="0.0" width="414" height="896"/>
                        <autoresizingMask key="autoresizingMask" widthSizable="YES" heightSizable="YES"/>
                        <subviews>
                            <imageView clipsSubviews="YES" userInteractionEnabled="NO" contentMode="redraw" horizontalHuggingPriority="251" verticalHuggingPriority="251" fixedFrame="YES" image="main_v_bkg" translatesAutoresizingMaskIntoConstraints="NO" id="e29-wr-A60">
                                <rect key="frame" x="0.0" y="-11" width="414" height="919"/>
                                <autoresizingMask key="autoresizingMask" flexibleMaxX="YES" flexibleMaxY="YES"/>
                            </imageView>
                            <button opaque="NO" contentMode="scaleToFill" fixedFrame="YES" contentHorizontalAlignment="center" contentVerticalAlignment="center" buttonType="system" lineBreakMode="middleTruncation" translatesAutoresizingMaskIntoConstraints="NO" id="BCu-jR-815">
                                <rect key="frame" x="87" y="467" width="240" height="76"/>
                                <autoresizingMask key="autoresizingMask" flexibleMaxX="YES" flexibleMaxY="YES"/>
                                <state key="normal" title="Button"/>
                                <buttonConfiguration key="configuration" style="plain" title="">
                                    <backgroundConfiguration key="background" image="game_one_btn"/>
                                </buttonConfiguration>
                                <connections>
                                    <action selector="gameOneBtn:" destination="Zld-4L-R38" eventType="touchUpInside" id="1TI-l3-hNB"/>
                                </connections>
                            </button>
                            <button opaque="NO" contentMode="scaleToFill" fixedFrame="YES" contentHorizontalAlignment="center" contentVerticalAlignment="center" buttonType="system" lineBreakMode="middleTruncation" translatesAutoresizingMaskIntoConstraints="NO" id="Mar-Jz-weN">
                                <rect key="frame" x="87" y="603" width="240" height="76"/>
                                <autoresizingMask key="autoresizingMask" flexibleMaxX="YES" flexibleMaxY="YES"/>
                                <state key="normal" title="Button"/>
                                <buttonConfiguration key="configuration" style="plain" title="">
                                    <backgroundConfiguration key="background" image="game_two_btn"/>
                                </buttonConfiguration>
                                <connections>
                                    <action selector="gameTwoBtn:" destination="Zld-4L-R38" eventType="touchUpInside" id="kAz-Bd-tVx"/>
                                </connections>
                            </button>
                            <imageView clipsSubviews="YES" userInteractionEnabled="NO" contentMode="scaleAspectFit" horizontalHuggingPriority="251" verticalHuggingPriority="251" fixedFrame="YES" image="logo_v" translatesAutoresizingMaskIntoConstraints="NO" id="ZCN-Am-kPs">
                                <rect key="frame" x="0.0" y="185" width="414" height="128"/>
                                <autoresizingMask key="autoresizingMask" flexibleMaxX="YES" flexibleMaxY="YES"/>
                            </imageView>
                        </subviews>
                        <viewLayoutGuide key="safeArea" id="6QU-n6-7W0"/>
                        <color key="backgroundColor" systemColor="systemBackgroundColor"/>
                    </view>
                    <connections>
                        <segue destination="EmQ-H1-YPt" kind="presentation" identifier="toGameOne" modalPresentationStyle="fullScreen" modalTransitionStyle="partialCurl" id="28V-FZ-nfH"/>
                        <segue destination="BcC-dc-V5L" kind="presentation" identifier="toGameTwo" modalPresentationStyle="fullScreen" modalTransitionStyle="partialCurl" id="tF3-Xw-S38"/>
                    </connections>
                </viewController>
                <placeholder placeholderIdentifier="IBFirstResponder" id="eOg-xi-9Xf" userLabel="First Responder" customClass="UIResponder" sceneMemberID="firstResponder"/>
            </objects>
            <point key="canvasLocation" x="1031.8840579710145" y="114.50892857142857"/>
        </scene>
        <!--Game One-->
        <scene sceneID="kLN-DQ-Ku3">
            <objects>
                <viewController id="EmQ-H1-YPt" customClass="GameOne" customModule="TossCoin" customModuleProvider="target" sceneMemberID="viewController">
                    <view key="view" contentMode="scaleToFill" id="7Hb-OA-dYq">
                        <rect key="frame" x="0.0" y="0.0" width="414" height="896"/>
                        <autoresizingMask key="autoresizingMask" widthSizable="YES" heightSizable="YES"/>
                        <subviews>
                            <imageView clipsSubviews="YES" userInteractionEnabled="NO" contentMode="scaleAspectFill" horizontalHuggingPriority="251" verticalHuggingPriority="251" fixedFrame="YES" image="green_bkg" translatesAutoresizingMaskIntoConstraints="NO" id="B2t-rD-Qln">
                                <rect key="frame" x="0.0" y="-38" width="414" height="413"/>
                                <autoresizingMask key="autoresizingMask" flexibleMaxX="YES" flexibleMaxY="YES"/>
                            </imageView>
                            <imageView clipsSubviews="YES" userInteractionEnabled="NO" contentMode="scaleAspectFill" horizontalHuggingPriority="251" verticalHuggingPriority="251" fixedFrame="YES" image="blue_bkg" translatesAutoresizingMaskIntoConstraints="NO" id="SvS-Ql-0qz">
                                <rect key="frame" x="0.0" y="360" width="414" height="536"/>
                                <autoresizingMask key="autoresizingMask" flexibleMaxX="YES" flexibleMaxY="YES"/>
                            </imageView>
                            <button opaque="NO" contentMode="scaleToFill" fixedFrame="YES" contentHorizontalAlignment="center" contentVerticalAlignment="center" buttonType="system" lineBreakMode="middleTruncation" translatesAutoresizingMaskIntoConstraints="NO" id="DdN-uC-k1m">
                                <rect key="frame" x="167" y="789" width="100" height="40"/>
                                <autoresizingMask key="autoresizingMask" flexibleMaxX="YES" flexibleMaxY="YES"/>
                                <state key="normal" title="Button"/>
                                <buttonConfiguration key="configuration" style="plain" title="">
                                    <backgroundConfiguration key="background" image="flip_btn"/>
                                </buttonConfiguration>
                                <connections>
                                    <action selector="flipBtn:" destination="EmQ-H1-YPt" eventType="touchUpInside" id="cRc-Av-qa2"/>
                                </connections>
                            </button>
                            <label opaque="NO" userInteractionEnabled="NO" contentMode="left" horizontalHuggingPriority="251" verticalHuggingPriority="251" fixedFrame="YES" text="How many in a row:" lineBreakMode="characterWrap" baselineAdjustment="alignBaselines" adjustsFontSizeToFit="NO" translatesAutoresizingMaskIntoConstraints="NO" id="DLc-QV-tgi">
                                <rect key="frame" x="20" y="596" width="220" height="29"/>
                                <autoresizingMask key="autoresizingMask" flexibleMaxX="YES" flexibleMaxY="YES"/>
                                <fontDescription key="fontDescription" name="TimesNewRomanPS-BoldItalicMT" family="Times New Roman" pointSize="26"/>
                                <color key="textColor" red="0.93333333330000001" green="0.93333333330000001" blue="0.93333333330000001" alpha="1" colorSpace="calibratedRGB"/>
                                <nil key="highlightedColor"/>
                            </label>
                            <label opaque="NO" userInteractionEnabled="NO" contentMode="left" horizontalHuggingPriority="251" verticalHuggingPriority="251" fixedFrame="YES" layoutMarginsFollowReadableWidth="YES" text="Heads Counter: 0" lineBreakMode="tailTruncation" baselineAdjustment="alignBaselines" adjustsFontSizeToFit="NO" translatesAutoresizingMaskIntoConstraints="NO" id="npr-x1-Jpj">
                                <rect key="frame" x="20" y="651" width="374" height="29"/>
                                <autoresizingMask key="autoresizingMask" flexibleMaxX="YES" flexibleMaxY="YES"/>
                                <fontDescription key="fontDescription" name="TimesNewRomanPS-BoldItalicMT" family="Times New Roman" pointSize="26"/>
                                <color key="textColor" red="0.93333333330000001" green="0.93333333330000001" blue="0.93333333330000001" alpha="1" colorSpace="calibratedRGB"/>
                                <nil key="highlightedColor"/>
                            </label>
                            <imageView clipsSubviews="YES" userInteractionEnabled="NO" contentMode="scaleAspectFit" horizontalHuggingPriority="251" verticalHuggingPriority="251" fixedFrame="YES" image="c1" translatesAutoresizingMaskIntoConstraints="NO" id="C6q-JS-7y8">
                                <rect key="frame" x="82" y="66" width="250" height="250"/>
                                <autoresizingMask key="autoresizingMask" flexibleMaxX="YES" flexibleMaxY="YES"/>
                            </imageView>
                            <label opaque="NO" userInteractionEnabled="NO" contentMode="left" horizontalHuggingPriority="251" verticalHuggingPriority="251" fixedFrame="YES" text="See how many times " textAlignment="center" lineBreakMode="tailTruncation" baselineAdjustment="alignBaselines" adjustsFontSizeToFit="NO" translatesAutoresizingMaskIntoConstraints="NO" id="CiK-Rw-m0z">
                                <rect key="frame" x="98" y="427" width="224" height="29"/>
                                <autoresizingMask key="autoresizingMask" flexibleMaxX="YES" flexibleMaxY="YES"/>
                                <fontDescription key="fontDescription" name="TimesNewRomanPS-BoldItalicMT" family="Times New Roman" pointSize="26"/>
                                <color key="textColor" red="0.93333333333333335" green="0.93333333333333335" blue="0.93333333333333335" alpha="1" colorSpace="calibratedRGB"/>
                                <nil key="highlightedColor"/>
                            </label>
                            <label opaque="NO" userInteractionEnabled="NO" contentMode="left" horizontalHuggingPriority="251" verticalHuggingPriority="251" fixedFrame="YES" text="you can roll heads in a row???" textAlignment="center" lineBreakMode="tailTruncation" baselineAdjustment="alignBaselines" adjustsFontSizeToFit="NO" translatesAutoresizingMaskIntoConstraints="NO" id="awq-1J-b6L">
                                <rect key="frame" x="44" y="453" width="331" height="29"/>
                                <autoresizingMask key="autoresizingMask" flexibleMaxX="YES" flexibleMaxY="YES"/>
                                <fontDescription key="fontDescription" name="TimesNewRomanPS-BoldItalicMT" family="Times New Roman" pointSize="26"/>
                                <color key="textColor" red="0.93333333330000001" green="0.93333333330000001" blue="0.93333333330000001" alpha="1" colorSpace="calibratedRGB"/>
                                <nil key="highlightedColor"/>
                            </label>
                            <label opaque="NO" userInteractionEnabled="NO" contentMode="left" horizontalHuggingPriority="251" verticalHuggingPriority="251" fixedFrame="YES" text="THE ULTIMATE GOAL" textAlignment="center" lineBreakMode="tailTruncation" baselineAdjustment="alignBaselines" adjustsFontSizeToFit="NO" translatesAutoresizingMaskIntoConstraints="NO" id="QNE-fI-DYY">
                                <rect key="frame" x="49" y="502" width="321" height="25"/>
                                <autoresizingMask key="autoresizingMask" flexibleMaxX="YES" flexibleMaxY="YES"/>
                                <fontDescription key="fontDescription" name="TimesNewRomanPS-BoldItalicMT" family="Times New Roman" pointSize="30"/>
                                <color key="textColor" red="0.20392156862745098" green="0.64313725490196072" blue="0.16470588235294117" alpha="1" colorSpace="calibratedRGB"/>
                                <nil key="highlightedColor"/>
                            </label>
                            <textField opaque="NO" contentMode="scaleToFill" fixedFrame="YES" contentHorizontalAlignment="left" contentVerticalAlignment="center" borderStyle="roundedRect" textAlignment="natural" minimumFontSize="17" clearButtonMode="whileEditing" translatesAutoresizingMaskIntoConstraints="NO" id="BCm-P2-CMO">
                                <rect key="frame" x="258" y="593" width="97" height="34"/>
                                <autoresizingMask key="autoresizingMask" flexibleMaxX="YES" flexibleMaxY="YES"/>
                                <fontDescription key="fontDescription" type="system" pointSize="14"/>
                                <textInputTraits key="textInputTraits" keyboardType="numberPad" enablesReturnKeyAutomatically="YES"/>
                            </textField>
                            <label opaque="NO" userInteractionEnabled="NO" contentMode="left" horizontalHuggingPriority="251" verticalHuggingPriority="251" fixedFrame="YES" layoutMarginsFollowReadableWidth="YES" text="Tries Counter: 0" lineBreakMode="characterWrap" baselineAdjustment="alignBaselines" adjustsFontSizeToFit="NO" translatesAutoresizingMaskIntoConstraints="NO" id="9Vf-Vv-Fs0">
                                <rect key="frame" x="20" y="688" width="374" height="29"/>
                                <autoresizingMask key="autoresizingMask" flexibleMaxX="YES" flexibleMaxY="YES"/>
                                <fontDescription key="fontDescription" name="TimesNewRomanPS-BoldItalicMT" family="Times New Roman" pointSize="26"/>
                                <color key="textColor" red="0.93333333330000001" green="0.93333333330000001" blue="0.93333333330000001" alpha="1" colorSpace="calibratedRGB"/>
                                <nil key="highlightedColor"/>
                            </label>
                            <label hidden="YES" opaque="NO" userInteractionEnabled="NO" contentMode="left" horizontalHuggingPriority="251" verticalHuggingPriority="251" fixedFrame="YES" text="You flipped tails! Keep trying!" textAlignment="center" lineBreakMode="tailTruncation" baselineAdjustment="alignBaselines" adjustsFontSizeToFit="NO" translatesAutoresizingMaskIntoConstraints="NO" id="mhI-gM-6lX">
                                <rect key="frame" x="20" y="737" width="374" height="25"/>
                                <autoresizingMask key="autoresizingMask" flexibleMaxX="YES" flexibleMaxY="YES"/>
                                <fontDescription key="fontDescription" name="TimesNewRomanPS-BoldItalicMT" family="Times New Roman" pointSize="22"/>
                                <color key="textColor" red="1" green="0.70616123570177947" blue="0.1162864520921596" alpha="1" colorSpace="custom" customColorSpace="sRGB"/>
                                <nil key="highlightedColor"/>
                            </label>
                            <label opaque="NO" userInteractionEnabled="NO" contentMode="left" horizontalHuggingPriority="251" verticalHuggingPriority="251" fixedFrame="YES" layoutMarginsFollowReadableWidth="YES" text="Reach 10 heads in a row!!!" textAlignment="center" lineBreakMode="tailTruncation" baselineAdjustment="alignBaselines" adjustsFontSizeToFit="NO" translatesAutoresizingMaskIntoConstraints="NO" id="LkP-6r-BHC">
                                <rect key="frame" x="61" y="535" width="294" height="29"/>
                                <autoresizingMask key="autoresizingMask" flexibleMaxX="YES" flexibleMaxY="YES"/>
                                <fontDescription key="fontDescription" name="TimesNewRomanPS-BoldItalicMT" family="Times New Roman" pointSize="26"/>
                                <color key="textColor" red="0.93333333333333335" green="0.93333333333333335" blue="0.93333333333333335" alpha="1" colorSpace="calibratedRGB"/>
                                <nil key="highlightedColor"/>
                            </label>
                            <label opaque="NO" userInteractionEnabled="NO" contentMode="left" horizontalHuggingPriority="251" verticalHuggingPriority="251" fixedFrame="YES" text="Try your Luck!!!" textAlignment="center" lineBreakMode="tailTruncation" baselineAdjustment="alignBaselines" adjustsFontSizeToFit="NO" translatesAutoresizingMaskIntoConstraints="NO" id="eVI-AT-EhE">
                                <rect key="frame" x="66" y="374" width="283" height="45"/>
                                <autoresizingMask key="autoresizingMask" flexibleMaxX="YES" flexibleMaxY="YES"/>
                                <fontDescription key="fontDescription" name="TimesNewRomanPS-BoldItalicMT" family="Times New Roman" pointSize="40"/>
                                <color key="textColor" red="0.20392156859999999" green="0.64313725489999995" blue="0.1647058824" alpha="1" colorSpace="custom" customColorSpace="calibratedRGB"/>
                                <nil key="highlightedColor"/>
                            </label>
                        </subviews>
                        <viewLayoutGuide key="safeArea" id="KQU-wS-spy"/>
                        <color key="backgroundColor" systemColor="systemBackgroundColor"/>
                        <gestureRecognizers/>
                        <connections>
                            <outletCollection property="gestureRecognizers" destination="Adj-2i-Fdx" appends="YES" id="WQt-5x-v2Q"/>
                        </connections>
                    </view>
                    <connections>
                        <outlet property="coinImage" destination="C6q-JS-7y8" id="Ith-UT-O4V"/>
                        <outlet property="goalText" destination="QNE-fI-DYY" id="HVu-uI-Onr"/>
                        <outlet property="headsCounter" destination="npr-x1-Jpj" id="1dB-r7-b92"/>
                        <outlet property="inputNum" destination="BCm-P2-CMO" id="bYM-vE-OxR"/>
                        <outlet property="result" destination="mhI-gM-6lX" id="mPn-Uc-h2Y"/>
                        <outlet property="triesCounter" destination="9Vf-Vv-Fs0" id="Afd-rS-EiS"/>
                        <outlet property="tryLuckText" destination="eVI-AT-EhE" id="d3i-x6-4Xj"/>
                    </connections>
                </viewController>
                <placeholder placeholderIdentifier="IBFirstResponder" id="Umx-0z-RoP" userLabel="First Responder" customClass="UIResponder" sceneMemberID="firstResponder"/>
                <swipeGestureRecognizer direction="right" id="Adj-2i-Fdx">
                    <connections>
                        <segue destination="Zld-4L-R38" kind="presentation" modalPresentationStyle="fullScreen" modalTransitionStyle="partialCurl" id="odg-nY-cXB"/>
                    </connections>
                </swipeGestureRecognizer>
            </objects>
            <point key="canvasLocation" x="1960.8695652173915" y="114.50892857142857"/>
        </scene>
        <!--Game Two-->
        <scene sceneID="H2g-Pp-Jen">
            <objects>
                <viewController id="BcC-dc-V5L" customClass="GameTwo" customModule="TossCoin" customModuleProvider="target" sceneMemberID="viewController">
                    <view key="view" contentMode="scaleToFill" id="58T-7I-7L1">
                        <rect key="frame" x="0.0" y="0.0" width="414" height="896"/>
                        <autoresizingMask key="autoresizingMask" widthSizable="YES" heightSizable="YES"/>
                        <subviews>
                            <label opaque="NO" userInteractionEnabled="NO" contentMode="left" horizontalHuggingPriority="251" verticalHuggingPriority="251" fixedFrame="YES" text="Did You Know???" textAlignment="center" lineBreakMode="tailTruncation" baselineAdjustment="alignBaselines" adjustsFontSizeToFit="NO" translatesAutoresizingMaskIntoConstraints="NO" id="x5a-1T-YTD">
                                <rect key="frame" x="59" y="81" width="298" height="45"/>
                                <autoresizingMask key="autoresizingMask" flexibleMaxX="YES" flexibleMaxY="YES"/>
                                <fontDescription key="fontDescription" name="TimesNewRomanPS-BoldItalicMT" family="Times New Roman" pointSize="40"/>
                                <color key="textColor" red="0.20392156859999999" green="0.64313725489999995" blue="0.1647058824" alpha="1" colorSpace="custom" customColorSpace="calibratedRGB"/>
                                <nil key="highlightedColor"/>
                            </label>
                            <textView clipsSubviews="YES" multipleTouchEnabled="YES" contentMode="scaleToFill" fixedFrame="YES" textAlignment="center" translatesAutoresizingMaskIntoConstraints="NO" id="qi6-Tz-VGh">
                                <rect key="frame" x="53" y="134" width="308" height="289"/>
                                <autoresizingMask key="autoresizingMask" flexibleMaxX="YES" flexibleMaxY="YES"/>
                                <color key="backgroundColor" red="0.20000000000000001" green="0.42352941179999998" blue="0.51764705879999995" alpha="1" colorSpace="custom" customColorSpace="sRGB"/>
                                <string key="text">That if 1000 players were to toss coins
to try and reach
10 heads in a row

It's likely we would see 
less than 5 winners
OR
no winner at all!!!</string>
                                <color key="textColor" red="0.93333333333333335" green="0.93333333333333335" blue="0.93333333333333335" alpha="1" colorSpace="custom" customColorSpace="sRGB"/>
                                <fontDescription key="fontDescription" name="TimesNewRomanPS-BoldItalicMT" family="Times New Roman" pointSize="26"/>
                                <textInputTraits key="textInputTraits" autocapitalizationType="sentences"/>
                            </textView>
                            <label opaque="NO" userInteractionEnabled="NO" contentMode="left" horizontalHuggingPriority="251" verticalHuggingPriority="251" fixedFrame="YES" text="Let's give it a try!!!" textAlignment="center" lineBreakMode="tailTruncation" baselineAdjustment="alignBaselines" adjustsFontSizeToFit="NO" translatesAutoresizingMaskIntoConstraints="NO" id="CFa-Ky-b9J">
                                <rect key="frame" x="47" y="435" width="320" height="45"/>
                                <autoresizingMask key="autoresizingMask" flexibleMaxX="YES" flexibleMaxY="YES"/>
                                <fontDescription key="fontDescription" name="TimesNewRomanPS-BoldItalicMT" family="Times New Roman" pointSize="40"/>
                                <color key="textColor" red="0.20392156859999999" green="0.64313725489999995" blue="0.1647058824" alpha="1" colorSpace="custom" customColorSpace="calibratedRGB"/>
                                <nil key="highlightedColor"/>
                            </label>
                            <label opaque="NO" userInteractionEnabled="NO" contentMode="left" horizontalHuggingPriority="251" verticalHuggingPriority="251" fixedFrame="YES" text="How many players per match?" textAlignment="center" lineBreakMode="tailTruncation" baselineAdjustment="alignBaselines" adjustsFontSizeToFit="NO" translatesAutoresizingMaskIntoConstraints="NO" id="5Kf-cg-axg">
                                <rect key="frame" x="46" y="653" width="327" height="29"/>
                                <autoresizingMask key="autoresizingMask" flexibleMaxX="YES" flexibleMaxY="YES"/>
                                <fontDescription key="fontDescription" name="TimesNewRomanPS-BoldItalicMT" family="Times New Roman" pointSize="26"/>
                                <color key="textColor" red="0.93333333330000001" green="0.93333333330000001" blue="0.93333333330000001" alpha="1" colorSpace="calibratedRGB"/>
                                <nil key="highlightedColor"/>
                            </label>
                            <textField opaque="NO" contentMode="scaleToFill" fixedFrame="YES" contentHorizontalAlignment="left" contentVerticalAlignment="center" borderStyle="roundedRect" textAlignment="natural" minimumFontSize="17" clearButtonMode="whileEditing" translatesAutoresizingMaskIntoConstraints="NO" id="Sii-Zm-dZk">
                                <rect key="frame" x="161" y="567" width="97" height="34"/>
                                <autoresizingMask key="autoresizingMask" flexibleMaxX="YES" flexibleMaxY="YES"/>
                                <fontDescription key="fontDescription" type="system" pointSize="14"/>
                                <textInputTraits key="textInputTraits" keyboardType="numberPad" enablesReturnKeyAutomatically="YES"/>
                            </textField>
                            <button opaque="NO" contentMode="scaleToFill" fixedFrame="YES" contentHorizontalAlignment="center" contentVerticalAlignment="center" buttonType="system" lineBreakMode="middleTruncation" translatesAutoresizingMaskIntoConstraints="NO" id="b6H-p4-z53">
                                <rect key="frame" x="160" y="789" width="100" height="40"/>
                                <autoresizingMask key="autoresizingMask" flexibleMaxX="YES" flexibleMaxY="YES"/>
                                <state key="normal" title="Button"/>
                                <buttonConfiguration key="configuration" style="plain" title="">
                                    <backgroundConfiguration key="background" image="flip_btn"/>
                                </buttonConfiguration>
                                <connections>
                                    <action selector="flip2Btn:" destination="BcC-dc-V5L" eventType="touchUpInside" id="FWl-qB-Zz0"/>
                                </connections>
                            </button>
                            <textField opaque="NO" contentMode="scaleToFill" fixedFrame="YES" contentHorizontalAlignment="left" contentVerticalAlignment="center" borderStyle="roundedRect" textAlignment="natural" minimumFontSize="17" clearButtonMode="whileEditing" translatesAutoresizingMaskIntoConstraints="NO" id="EGP-fK-rm0">
                                <rect key="frame" x="159" y="690" width="97" height="34"/>
                                <autoresizingMask key="autoresizingMask" flexibleMaxX="YES" flexibleMaxY="YES"/>
                                <fontDescription key="fontDescription" type="system" pointSize="14"/>
                                <textInputTraits key="textInputTraits" keyboardType="numberPad" enablesReturnKeyAutomatically="YES"/>
                            </textField>
                            <label opaque="NO" userInteractionEnabled="NO" contentMode="left" horizontalHuggingPriority="251" verticalHuggingPriority="251" fixedFrame="YES" text="How many flips in a row?" textAlignment="center" lineBreakMode="tailTruncation" baselineAdjustment="alignBaselines" adjustsFontSizeToFit="NO" translatesAutoresizingMaskIntoConstraints="NO" id="uGO-6c-jQ2">
                                <rect key="frame" x="72" y="530" width="277" height="29"/>
                                <autoresizingMask key="autoresizingMask" flexibleMaxX="YES" flexibleMaxY="YES"/>
                                <fontDescription key="fontDescription" name="TimesNewRomanPS-BoldItalicMT" family="Times New Roman" pointSize="26"/>
                                <color key="textColor" red="0.93333333330000001" green="0.93333333330000001" blue="0.93333333330000001" alpha="1" colorSpace="calibratedRGB"/>
                                <nil key="highlightedColor"/>
                            </label>
                        </subviews>
                        <viewLayoutGuide key="safeArea" id="xRJ-c9-Aed"/>
                        <color key="backgroundColor" red="0.20000000000000001" green="0.42352941179999998" blue="0.51764705879999995" alpha="1" colorSpace="custom" customColorSpace="sRGB"/>
                        <gestureRecognizers/>
                        <connections>
                            <outletCollection property="gestureRecognizers" destination="TgI-Sj-PIn" appends="YES" id="Rnf-pk-oxk"/>
                        </connections>
                    </view>
                    <connections>
                        <outlet property="greenText1" destination="x5a-1T-YTD" id="ebn-Fa-RLq"/>
                        <outlet property="greenText2" destination="CFa-Ky-b9J" id="SWT-Tr-wWL"/>
                        <outlet property="inputFlip" destination="Sii-Zm-dZk" id="jcH-9s-eTQ"/>
                        <outlet property="inputPlayers" destination="EGP-fK-rm0" id="Uec-nX-Vl7"/>
                        <segue destination="2HF-u7-oZT" kind="presentation" identifier="toGameTwoResults" modalPresentationStyle="fullScreen" modalTransitionStyle="flipHorizontal" id="RRZ-ps-Np5"/>
                    </connections>
                </viewController>
                <placeholder placeholderIdentifier="IBFirstResponder" id="MBe-BS-igP" userLabel="First Responder" customClass="UIResponder" sceneMemberID="firstResponder"/>
                <swipeGestureRecognizer direction="right" id="TgI-Sj-PIn">
                    <connections>
                        <segue destination="Zld-4L-R38" kind="presentation" modalPresentationStyle="fullScreen" modalTransitionStyle="partialCurl" id="TGH-dp-1ZM"/>
                    </connections>
                </swipeGestureRecognizer>
            </objects>
            <point key="canvasLocation" x="2819" y="115"/>
        </scene>
        <!--Game Two Results-->
        <scene sceneID="OhA-mG-NTC">
            <objects>
                <viewController id="2HF-u7-oZT" customClass="GameTwoResults" customModule="TossCoin" customModuleProvider="target" sceneMemberID="viewController">
                    <view key="view" contentMode="scaleToFill" id="8f1-TO-HOy">
                        <rect key="frame" x="0.0" y="0.0" width="414" height="896"/>
                        <autoresizingMask key="autoresizingMask" widthSizable="YES" heightSizable="YES"/>
                        <subviews>
                            <label opaque="NO" userInteractionEnabled="NO" contentMode="left" horizontalHuggingPriority="251" verticalHuggingPriority="251" text="Game Results" textAlignment="center" lineBreakMode="tailTruncation" baselineAdjustment="alignBaselines" adjustsFontSizeToFit="NO" translatesAutoresizingMaskIntoConstraints="NO" id="hzb-KF-1yH">
                                <rect key="frame" x="93" y="64" width="228" height="45"/>
                                <fontDescription key="fontDescription" name="TimesNewRomanPS-BoldItalicMT" family="Times New Roman" pointSize="40"/>
                                <color key="textColor" red="0.20392156859999999" green="0.64313725489999995" blue="0.1647058824" alpha="1" colorSpace="custom" customColorSpace="calibratedRGB"/>
                                <nil key="highlightedColor"/>
                            </label>
                            <tableView clipsSubviews="YES" contentMode="scaleToFill" alwaysBounceVertical="YES" dataMode="prototypes" style="plain" rowHeight="-1" estimatedRowHeight="-1" sectionHeaderHeight="25" estimatedSectionHeaderHeight="-1" sectionFooterHeight="28" estimatedSectionFooterHeight="-1" translatesAutoresizingMaskIntoConstraints="NO" id="9nD-xb-UX1">
                                <rect key="frame" x="0.0" y="117" width="414" height="389"/>
                                <color key="backgroundColor" systemColor="systemBackgroundColor"/>
                                <prototypes>
                                    <tableViewCell opaque="NO" clipsSubviews="YES" contentMode="scaleToFill" preservesSuperviewLayoutMargins="YES" selectionStyle="default" indentationWidth="0.0" reuseIdentifier="playersCell" id="pfv-gL-ebC">
                                        <rect key="frame" x="0.0" y="44.5" width="414" height="43.5"/>
                                        <autoresizingMask key="autoresizingMask"/>
                                        <tableViewCellContentView key="contentView" opaque="NO" clipsSubviews="YES" userInteractionEnabled="NO" contentMode="center" preservesSuperviewLayoutMargins="YES" insetsLayoutMarginsFromSafeArea="NO" tableViewCell="pfv-gL-ebC" id="pVJ-7V-ab8">
                                            <rect key="frame" x="0.0" y="0.0" width="414" height="43.5"/>
                                            <autoresizingMask key="autoresizingMask"/>
                                        </tableViewCellContentView>
                                    </tableViewCell>
                                </prototypes>
                            </tableView>
                            <tableView clipsSubviews="YES" contentMode="scaleToFill" alwaysBounceVertical="YES" dataMode="prototypes" style="plain" rowHeight="-1" estimatedRowHeight="-1" sectionHeaderHeight="25" estimatedSectionHeaderHeight="-1" sectionFooterHeight="28" estimatedSectionFooterHeight="-1" translatesAutoresizingMaskIntoConstraints="NO" id="31H-J3-NM4">
                                <rect key="frame" x="0.0" y="510" width="414" height="352"/>
                                <color key="backgroundColor" systemColor="systemBackgroundColor"/>
                                <constraints>
                                    <constraint firstAttribute="height" constant="352" id="A7g-fF-dTY"/>
                                    <constraint firstAttribute="width" constant="362" id="Cvb-Lq-MNJ"/>
                                </constraints>
                                <prototypes>
                                    <tableViewCell clipsSubviews="YES" contentMode="scaleToFill" preservesSuperviewLayoutMargins="YES" selectionStyle="default" indentationWidth="10" reuseIdentifier="winnersCell" id="Gda-jp-dLV">
                                        <rect key="frame" x="0.0" y="44.5" width="414" height="43.5"/>
                                        <autoresizingMask key="autoresizingMask"/>
                                        <tableViewCellContentView key="contentView" opaque="NO" clipsSubviews="YES" userInteractionEnabled="NO" contentMode="center" preservesSuperviewLayoutMargins="YES" insetsLayoutMarginsFromSafeArea="NO" tableViewCell="Gda-jp-dLV" id="PDF-uk-pPp">
                                            <rect key="frame" x="0.0" y="0.0" width="414" height="43.5"/>
                                            <autoresizingMask key="autoresizingMask"/>
                                        </tableViewCellContentView>
                                    </tableViewCell>
                                </prototypes>
                                <variation key="default">
                                    <mask key="constraints">
                                        <exclude reference="A7g-fF-dTY"/>
                                        <exclude reference="Cvb-Lq-MNJ"/>
                                    </mask>
                                </variation>
                                <variation key="heightClass=compact-widthClass=regular">
                                    <mask key="constraints">
                                        <include reference="Cvb-Lq-MNJ"/>
                                    </mask>
                                </variation>
                                <variation key="heightClass=regular-widthClass=compact">
                                    <mask key="constraints">
                                        <include reference="A7g-fF-dTY"/>
                                    </mask>
                                </variation>
                            </tableView>
                        </subviews>
                        <viewLayoutGuide key="safeArea" id="9N0-ka-IPM"/>
                        <color key="backgroundColor" red="0.20000000000000001" green="0.42352941179999998" blue="0.51764705879999995" alpha="1" colorSpace="custom" customColorSpace="sRGB"/>
                        <gestureRecognizers/>
                        <constraints>
                            <constraint firstItem="31H-J3-NM4" firstAttribute="top" secondItem="9nD-xb-UX1" secondAttribute="bottom" constant="4" id="0au-Q7-f8V"/>
                            <constraint firstItem="hzb-KF-1yH" firstAttribute="top" secondItem="9N0-ka-IPM" secondAttribute="top" constant="20" id="0zy-be-5yH"/>
                            <constraint firstItem="9nD-xb-UX1" firstAttribute="leading" secondItem="8f1-TO-HOy" secondAttribute="leadingMargin" id="5yh-Jx-P8G"/>
                            <constraint firstItem="31H-J3-NM4" firstAttribute="bottom" secondItem="9N0-ka-IPM" secondAttribute="bottom" id="ASD-c4-Q6R"/>
                            <constraint firstItem="9nD-xb-UX1" firstAttribute="trailing" secondItem="31H-J3-NM4" secondAttribute="trailing" id="JxM-u9-HJi"/>
                            <constraint firstItem="hzb-KF-1yH" firstAttribute="top" secondItem="9N0-ka-IPM" secondAttribute="top" constant="41" id="MI6-YS-D8J"/>
                            <constraint firstItem="9nD-xb-UX1" firstAttribute="top" secondItem="31H-J3-NM4" secondAttribute="top" id="P3v-9I-ISv"/>
                            <constraint firstItem="9nD-xb-UX1" firstAttribute="leading" secondItem="31H-J3-NM4" secondAttribute="leading" id="PH7-n7-MTA"/>
                            <constraint firstAttribute="bottom" secondItem="9nD-xb-UX1" secondAttribute="bottom" id="WEQ-Kb-MBX"/>
                            <constraint firstAttribute="trailing" secondItem="9nD-xb-UX1" secondAttribute="trailing" id="aaH-Ae-yU8"/>
                            <constraint firstItem="9N0-ka-IPM" firstAttribute="trailing" secondItem="31H-J3-NM4" secondAttribute="trailing" constant="9" id="cUh-hm-8DU"/>
                            <constraint firstItem="31H-J3-NM4" firstAttribute="leading" secondItem="9nD-xb-UX1" secondAttribute="trailing" constant="7" id="eS4-eN-uYr"/>
                            <constraint firstItem="9nD-xb-UX1" firstAttribute="top" secondItem="hzb-KF-1yH" secondAttribute="bottom" constant="2" id="gLm-fZ-I0a"/>
                            <constraint firstItem="hzb-KF-1yH" firstAttribute="centerX" secondItem="9nD-xb-UX1" secondAttribute="centerX" id="kpm-ZZ-r4f"/>
                            <constraint firstItem="9nD-xb-UX1" firstAttribute="bottom" secondItem="31H-J3-NM4" secondAttribute="bottom" id="oxn-DI-3mb"/>
                            <constraint firstItem="9nD-xb-UX1" firstAttribute="leading" secondItem="8f1-TO-HOy" secondAttribute="leading" id="vPc-Yw-QqX"/>
                            <constraint firstItem="hzb-KF-1yH" firstAttribute="centerX" secondItem="8f1-TO-HOy" secondAttribute="centerX" id="vaO-hm-z9K"/>
                            <constraint firstItem="9nD-xb-UX1" firstAttribute="top" secondItem="hzb-KF-1yH" secondAttribute="bottom" constant="8" symbolic="YES" id="xjf-pE-ExL"/>
                        </constraints>
                        <variation key="default">
                            <mask key="constraints">
                                <exclude reference="cUh-hm-8DU"/>
                                <exclude reference="5yh-Jx-P8G"/>
                                <exclude reference="JxM-u9-HJi"/>
                                <exclude reference="P3v-9I-ISv"/>
                                <exclude reference="PH7-n7-MTA"/>
                                <exclude reference="WEQ-Kb-MBX"/>
                                <exclude reference="aaH-Ae-yU8"/>
                                <exclude reference="gLm-fZ-I0a"/>
                                <exclude reference="oxn-DI-3mb"/>
                                <exclude reference="vPc-Yw-QqX"/>
                                <exclude reference="xjf-pE-ExL"/>
                                <exclude reference="0zy-be-5yH"/>
                                <exclude reference="MI6-YS-D8J"/>
                                <exclude reference="kpm-ZZ-r4f"/>
                                <exclude reference="vaO-hm-z9K"/>
                                <exclude reference="0au-Q7-f8V"/>
                                <exclude reference="ASD-c4-Q6R"/>
                                <exclude reference="eS4-eN-uYr"/>
                            </mask>
                        </variation>
                        <variation key="heightClass=compact-widthClass=regular">
                            <mask key="constraints">
                                <include reference="cUh-hm-8DU"/>
                                <include reference="5yh-Jx-P8G"/>
                                <include reference="P3v-9I-ISv"/>
                                <include reference="WEQ-Kb-MBX"/>
                                <include reference="gLm-fZ-I0a"/>
                                <include reference="oxn-DI-3mb"/>
                                <include reference="MI6-YS-D8J"/>
                                <include reference="vaO-hm-z9K"/>
                                <include reference="eS4-eN-uYr"/>
                            </mask>
                        </variation>
                        <variation key="heightClass=regular-widthClass=compact">
                            <mask key="constraints">
                                <include reference="JxM-u9-HJi"/>
                                <include reference="PH7-n7-MTA"/>
                                <include reference="aaH-Ae-yU8"/>
                                <include reference="vPc-Yw-QqX"/>
                                <include reference="xjf-pE-ExL"/>
                                <include reference="0zy-be-5yH"/>
                                <include reference="kpm-ZZ-r4f"/>
                                <include reference="0au-Q7-f8V"/>
                                <include reference="ASD-c4-Q6R"/>
                            </mask>
                        </variation>
                        <connections>
                            <outletCollection property="gestureRecognizers" destination="XyV-hG-xff" appends="YES" id="8o9-dl-m5w"/>
                        </connections>
                    </view>
                    <connections>
                        <outlet property="bottomTableView" destination="31H-J3-NM4" id="xWm-AX-gah"/>
                        <outlet property="gameResultsText" destination="hzb-KF-1yH" id="WlE-C7-FlJ"/>
                        <outlet property="topTableView" destination="9nD-xb-UX1" id="2qM-5v-SfS"/>
                    </connections>
                </viewController>
                <placeholder placeholderIdentifier="IBFirstResponder" id="EcH-mN-yhz" userLabel="First Responder" customClass="UIResponder" sceneMemberID="firstResponder"/>
                <swipeGestureRecognizer direction="right" id="XyV-hG-xff">
                    <connections>
                        <segue destination="BcC-dc-V5L" kind="presentation" modalPresentationStyle="fullScreen" modalTransitionStyle="flipHorizontal" id="4fu-UB-Hs6"/>
                    </connections>
                </swipeGestureRecognizer>
            </objects>
            <point key="canvasLocation" x="3751" y="115"/>
        </scene>
    </scenes>
    <inferredMetricsTieBreakers>
        <segue reference="tF3-Xw-S38"/>
        <segue reference="odg-nY-cXB"/>
    </inferredMetricsTieBreakers>
    <resources>
        <image name="blue_bkg" width="720" height="940"/>
        <image name="c1" width="570" height="570"/>
        <image name="flip_btn" width="230" height="88"/>
        <image name="game_one_btn" width="402" height="128"/>
        <image name="game_two_btn" width="402" height="128"/>
        <image name="green_bkg" width="720" height="660"/>
        <image name="logo_v" width="720" height="146"/>
        <image name="main_v_bkg" width="720" height="1600"/>
        <systemColor name="systemBackgroundColor">
            <color white="1" alpha="1" colorSpace="custom" customColorSpace="genericGamma22GrayColorSpace"/>
        </systemColor>
    </resources>
</document>
